"","baseMean","log2FoldChange","lfcSE","stat","pvalue","padj"
"ZZEF1",4292.59408435282,-0.538355390926611,0.126434365206043,-4.25798310490413,2.06279534418587e-05,0.000573121691806569
"ZSCAN1",86.2337352884609,-0.710481843076754,0.226599790832083,-3.13540379039114,0.00171617710595007,0.0248721952581585
"ZNF841",701.101493576844,-0.479614882463722,0.111623874012761,-4.29670522283512,1.73355475554623e-05,0.000492866058369691
"ZNF790-AS1",144.580112470763,-0.913169574904688,0.281693854960613,-3.24170924861804,0.00118815173297717,0.0185067900286061
"ZNF772",116.832253810561,-0.511800272943772,0.142573527441804,-3.58972862723537,0.000331022392673938,0.00630566290258592
"ZNF71",458.817718488,-0.866035980201126,0.284440226848537,-3.04470288818286,0.00232910274946708,0.0321724969119999
"ZNF616",707.647675812644,-0.511924097503399,0.138537072232384,-3.6952137738604,0.000219701857712653,0.00446378792239727
"ZNF613",238.471375311305,-0.568859955062865,0.151426013518534,-3.75668580216066,0.00017217844784358,0.00365237861118013
"ZNF610",255.170373651647,-0.803988799103578,0.211595544748315,-3.79964899572858,0.00014490117382509,0.00314203852430115
"ZNF609",4140.67205012077,-0.476330471320203,0.0672837174739683,-7.07943153563851,1.44746988632239e-12,1.24913727008034e-10
"ZNF605",764.439742185021,-0.646340425356777,0.0966665190073438,-6.68629047568863,2.28898473924461e-11,1.69315507530185e-09
"ZNF585A",478.807082774637,-0.55473062164386,0.0880614310482122,-6.29935960659274,2.98877867211324e-10,1.97942872753484e-08
"ZNF575",36.4660924169511,-0.849766928019987,0.289295793624853,-2.93736357992792,0.00331015772176495,0.0432420986175823
"ZNF561",1802.41350769925,-0.367465672235246,0.0818765262929307,-4.48804668288637,7.18791803391173e-06,0.000226605083847693
"ZNF512B",1435.99735698101,-0.387076391188369,0.0804909785621374,-4.80894130128576,1.51731749350846e-06,5.64845403302375e-05
"ZNF512",957.348195277185,-0.360362352439692,0.102468839928852,-3.51679937715606,0.000436783783995634,0.00799071147444689
"ZNF503",776.64380009208,-0.423973504790785,0.109291580318873,-3.87928789714434,0.000104762704464415,0.00240602195051541
"ZNF451",2751.8446723293,-0.175081513954272,0.0480857775993079,-3.6410249078886,0.000271554860259505,0.00533953728107499
"ZNF439",451.31386112223,-0.429716014337645,0.143596141642434,-2.99253175901948,0.00276673878463755,0.0370205682169943
"ZNF426",1120.42821199697,-0.310908233114747,0.0822734262761046,-3.7789629919065,0.000157482824577004,0.00337206644554796
"ZNF419",495.348658188253,-0.572308442000831,0.197195931578306,-2.90223250256849,0.00370513438622381,0.0474229447621021
"ZNF417",505.472472938483,-0.453406316477955,0.142894385550525,-3.17301701344759,0.00150863683529779,0.0225332846195222
"ZNF362",1301.46178566055,-0.858920251828526,0.107116143057128,-8.01858830344965,1.06967372218124e-15,1.23496722235884e-13
"ZNF358",1289.94882921458,-0.458744291653227,0.13154191042054,-3.48743826349046,0.000487671498268682,0.00878065636556055
"ZNF350",288.685212879823,-0.555690451566073,0.134759497722912,-4.12357170333674,3.73042260130015e-05,0.000973156198296423
"ZNF33B",1292.68278055687,-0.389134360101207,0.0901626651356692,-4.31591456969102,1.58943445802442e-05,0.000457987632112367
"ZNF329",592.560296949479,-0.447664413162735,0.100547663238346,-4.45226073629932,8.49708982050074e-06,0.000263024952469015
"ZNF322",1012.10817618187,-0.399716125939319,0.0915894323763742,-4.36421665216508,1.27579091826626e-05,0.000374560814783772
"ZNF304",671.126750289449,-0.332707248136912,0.104164226511462,-3.19406440463803,0.00140284816528427,0.021295598455776
"ZNF268",1337.93369650752,-0.457624876257933,0.0996134145082663,-4.59400853305714,4.34811586508902e-06,0.000144545244721354
"ZNF266",1991.61756269908,-0.544474426089138,0.0655722371495907,-8.30342916083559,1.01148693729152e-16,1.24340124442447e-14
"ZNF234",545.861692544755,-0.401700535857191,0.12294118444074,-3.26742041476604,0.00108532376583608,0.0171918921889334
"ZNF22-AS1",113.375695242385,-0.672688081140526,0.180215251732844,-3.73269229253548,0.000189443970517548,0.00393799163532038
"ZNF226",966.949638549455,-0.464127594271764,0.147919131942412,-3.13771172245967,0.00170272251310397,0.0247612081543894
"ZNF224",524.450707497205,-0.361514853612285,0.0942892433922863,-3.8341049371689,0.000126022336955793,0.00279292305001769
"ZNF136",320.866823690965,-0.473634923787791,0.137059299576142,-3.45569344986085,0.000548879169184733,0.00969875735662826
"ZNF12",1879.05399141496,-0.805586816970681,0.116268129539332,-6.92869851921168,4.24729846081723e-12,3.48911484615308e-10
"ZMYM3",4548.44326115654,-0.322686862295473,0.111238739127095,-2.90084969343989,0.00372152339930581,0.04745096170334
"ZHX1",2239.76639295525,-0.985159515026715,0.264751585657209,-3.72107125470541,0.000198379448470413,0.00408891391557773
"ZFYVE26",5136.31371303078,-0.311985589146372,0.071432963185112,-4.36752971226869,1.25659706057931e-05,0.000369560653599288
"ZFP14",270.011097037601,-0.56658182088843,0.186665002281601,-3.03528681843472,0.00240307039653476,0.0329280383845945
"ZEB1-AS1",283.774922230969,-0.498905586217494,0.160082996122372,-3.11654328256148,0.00182984816825557,0.0262083953486864
"ZDHHC7",2961.62245670152,-0.474078846558616,0.0471681630785939,-10.0508227502666,9.11035860940152e-24,1.92183577233141e-21
"ZCCHC3",1852.12933398394,-1.05782953847405,0.235960304358076,-4.48308261574697,7.35724289383912e-06,0.000231516039276297
"ZCCHC2",1137.06163514891,-0.975997746479041,0.204883566412591,-4.76367023265104,1.90103089182426e-06,6.94079377106861e-05
"ZBTB45",599.576309426601,-0.686631550245153,0.126952033935557,-5.40859038614301,6.35227267794016e-08,2.97373378761544e-06
"ZBED1",1073.44559456033,-0.515788592895189,0.149537836850599,-3.44921796221049,0.000562212696590511,0.0098721513277486
"YTHDF3",3330.11973522,-0.776924511418477,0.0709877500522415,-10.944487053706,7.06163001392531e-28,1.97806675488429e-25
"YBX1P2",3913.35455393039,-0.526914322098354,0.0755972274027134,-6.97002178785516,3.16891904573824e-12,2.64133266997704e-10
"YBX1P10",3235.97058094796,-0.515581402428073,0.084782215030731,-6.08124477806094,1.19253072617748e-09,7.30350269469343e-08
"YBX1P1",11108.267164188,-0.525579119101236,0.0853426344633339,-6.15845904460616,7.34561749473427e-10,4.58082358147899e-08
"YBX1",15891.3187342298,-0.54689015518729,0.0715301581665699,-7.64558850707089,2.07991826415252e-14,2.07833703974118e-12
"YBEY",567.63629124088,-0.287658664723877,0.0992194785337562,-2.89921564772194,0.0037409749925338,0.0475964554709048
"XXYLT1",1210.11282566738,-0.704970621004493,0.0696598137858998,-10.1201910067005,4.49537478231794e-24,9.7230973298059e-22
"WWTR1",6965.92669224815,-2.02679924073849,0.43029350554326,-4.71027151148745,2.47387003739473e-06,8.73368126631482e-05
"WSB1",3846.54508009275,-0.966927025524755,0.0467864591737016,-20.6668134883834,6.89189214849164e-95,1.68231087344681e-91
"WIZ",2796.51934364776,-0.256654564697046,0.0682136148450764,-3.76251229728769,0.000168215034384953,0.00357943996579788
"WDR91",873.216254544715,-0.714106325888762,0.218037894693555,-3.27514777599745,0.00105606715136792,0.0168016940553292
"WDR70",1898.63613745144,-0.671768390000625,0.12434138999333,-5.4026128390286,6.56771157106125e-08,3.06618818619464e-06
"WDR1",13495.950068643,-1.15917830464875,0.152782102229717,-7.58713414550255,3.27058444373261e-14,3.23031655433867e-12
"WDFY1",1620.0280635951,-0.432698149697494,0.14987617451715,-2.88703759014066,0.00388887766302289,0.049191136334625
"WASHC2C",4812.96287283959,-0.26594694431731,0.0892616457425093,-2.97940892871816,0.00288805066615702,0.0383435289297786
"WASHC2A",5658.07187567545,-0.262420401461314,0.0715391300660699,-3.66820789152672,0.0002442565455254,0.00488713301334017
"VPS37D",239.83628165942,-0.730916110869996,0.153581297202432,-4.75914791829497,1.94411927239463e-06,7.06790766115043e-05
"VPS18",2416.57201260543,-0.350929664620617,0.063772902953227,-5.50280210511979,3.73801928226486e-08,1.78911864078598e-06
"VIRMA",4191.52644066554,-0.212030302358027,0.0673668689275795,-3.14739731463493,0.0016473095472868,0.0240577591747774
"VGLL4",1341.57892320356,-1.37529435438418,0.161766239224945,-8.50173905861632,1.86771275062307e-17,2.41769755832549e-15
"VAMP7",3397.63420937994,-1.61915629113699,0.316779295945609,-5.11130718408756,3.19937259919555e-07,1.32688542724404e-05
"USPL1",906.730488736749,-0.272028033278603,0.0826539739054854,-3.29116702349565,0.000997726554418757,0.0160377738808592
"USP49",307.917244103394,-0.308059450665913,0.0913118235116235,-3.37370823206371,0.000741629300126444,0.0124603931674145
"USP35",648.279236317354,-0.456855978141646,0.0741392472353513,-6.16213402722285,7.17710631992865e-10,4.50864763561106e-08
"USP3",1599.52413687943,-0.462547425713241,0.0861114056471902,-5.37150011937279,7.80843166351967e-08,3.63549514535588e-06
"URI1",5476.63874246248,-0.451587415440786,0.153490822149689,-2.94211347047438,0.00325980456130646,0.0426495256807377
"UQCR10",2366.61830886855,-0.255427287772631,0.0652261038016861,-3.91602859721981,9.00195748474597e-05,0.00212160617299109
"UNC45A",4152.19142755687,-0.212895557298722,0.0665191547944308,-3.2005150690301,0.00137182195879922,0.0209101889473705
"UNC119B",1805.4707647568,-0.972889254768678,0.0635741339234685,-15.3032246721577,7.27604113470359e-53,5.92027213660382e-50
"UCK1",1329.60850603302,-0.626809478446086,0.0880464000343095,-7.11908128216297,1.08648825834429e-12,9.47184942363719e-11
"UBR4",22732.0620877565,-0.291486058636267,0.0696979286827768,-4.18213373259536,2.88786012219437e-05,0.000775101921241494
"UBLCP1",2840.3699467533,-0.460846803786588,0.0885045089656102,-5.20704322494639,1.91873409945453e-07,8.32116993842122e-06
"UBE3A",4203.67320750876,-0.162793898263059,0.0415455239719431,-3.91844614531757,8.91216357633279e-05,0.0021062536518506
"UBE2D1",2043.05556485989,-0.159076009874207,0.0446324058551367,-3.56413701718253,0.000365055238391309,0.00688487732714383
"TYRO3P",653.562707779776,-0.573524570315245,0.172332053775557,-3.32802028264687,0.000874654982511402,0.0143981018171217
"TXNIP",2326.32368193759,-1.12379821218512,0.244303100789507,-4.60001616251851,4.22458161377259e-06,0.000141289318854815
"TWNK",1352.69937700778,-0.402640348329754,0.0880202000763683,-4.57440846510703,4.7756733748849e-06,0.000157229154059072
"TUBGCP2",5170.5678646423,-0.157968353495043,0.0474088729462272,-3.33204195075921,0.00086211259540768,0.0142465357038018
"TUBA1A",15776.2898892376,-0.511602320734715,0.160086457084302,-3.1957876390837,0.00139449707636717,0.0212179621940213
"TSR2",1516.8943821776,-0.325375475274961,0.0851660104561505,-3.82048511527363,0.000133189443529907,0.00291396673699811
"TSPYL4",2392.60334865998,-0.593861953471523,0.135118718686946,-4.39511238148603,1.10715460158357e-05,0.000328436643702404
"TSPAN3",7366.79839079394,-0.417063012261157,0.0910182604122068,-4.58219054475824,4.60130328313669e-06,0.00015207440850862
"TRUB2",2371.24694169581,-1.04144749267263,0.130106338434696,-8.00458690331494,1.19868379345879e-15,1.36546066525536e-13
"TRRAP",12215.4496372652,-0.232958052892387,0.0516063012640481,-4.51413969198136,6.35743044325893e-06,0.00020342586888383
"TRMT61B",692.783846308986,-0.732688024144649,0.209988001145601,-3.48918995441372,0.000484486730869893,0.00873251558056314
"TRIT1",1380.34730788891,-0.548023548507944,0.149450031399611,-3.66693498405895,0.000245475176735436,0.00489432245610081
"TRIM44",6958.87428758632,-0.855040749056807,0.214828239225811,-3.98011337866087,6.88824077242436e-05,0.00166712988779625
"TRIAP1",1331.76986408849,-0.334431954372942,0.0463040605879577,-7.22251893519501,5.10332957238734e-13,4.63832938315864e-11
"TRDMT1",694.508192993266,-0.769045226218338,0.232528556489231,-3.30731518670032,0.000941948433221283,0.0152559932497176
"TRAF3",3357.63485163411,-0.2960403753988,0.0987247771283806,-2.99864313711068,0.00271184739220955,0.0364573850438116
"TP53INP1",854.020172659032,-0.734657245719922,0.243162768265044,-3.02125712320875,0.00251727499229648,0.0342185185309228
"TOMM20",4050.38255430025,-1.25556650323775,0.375176462829529,-3.3466025394249,0.00081808416635581,0.0135714603403124
"TOM1L2",2504.05973471384,-0.236739193106124,0.07686251558479,-3.08003441345824,0.00206976678342052,0.0291558986218519
"TNRC6A",7725.03184688406,-0.505629592320855,0.0758225235943042,-6.668593557058,2.58266392984615e-11,1.90215424867591e-09
"TNPO2",6851.99377880575,-0.461469992769566,0.0380843832869231,-12.1170399240263,8.58024223070877e-34,3.25801331102491e-31
"TMUB2",1799.47024502608,-0.25019233009718,0.0525700169570668,-4.75922102710198,1.9434152926204e-06,7.06790766115043e-05
"TMOD2",423.113249486637,-0.795343802369624,0.252036533748325,-3.15566870620362,0.00160130629974327,0.0235672013296411
"TMEM250",2565.20940152053,-0.930743140091192,0.102273720556339,-9.10051120686943,8.99076364093222e-20,1.37165337796972e-17
"TMEM25",749.831796302897,-1.33464374967428,0.419302210234198,-3.18301148216898,0.00145751834218882,0.0219230773881869
"TMEM150A",920.902850872148,-0.569718559585278,0.10935385431464,-5.20986263498356,1.88980495207423e-07,8.21656417712272e-06
"TMEM131L",1855.76110060601,-0.38003825365938,0.130918850179526,-2.9028535855474,0.00369779470508697,0.0473644813536889
"TMEM121",127.077306344055,-0.943929028005901,0.26592526036433,-3.54960272188011,0.000385812909961905,0.00719118085454197
"TMEM104",1774.6260668924,-0.347737654152926,0.106555603575184,-3.26343845359167,0.00110069088443611,0.0173661173983008
"TM2D2",2097.08745118175,-0.267945434574746,0.0793330546706554,-3.37747532459325,0.000731545162701915,0.0123030631841414
"TK2",1112.11731053851,-0.462770317500056,0.129009288830172,-3.58710850742886,0.000334365208323837,0.0063596017510518
"THOC5",3893.62850538495,-0.706537999432972,0.101667409854062,-6.94950329163659,3.66574570947846e-12,3.04061150183779e-10
"TFE3",3411.6370149047,-0.191866768697111,0.0616854665498119,-3.11040475866671,0.00186831135681814,0.0266674408380461
"TEX261",3002.36750432294,-0.976068027146564,0.21641063025003,-4.51025915879854,6.47484748866035e-06,0.000206409923579738
"TERF2IP",1878.14897746984,-0.285324704934358,0.061487555869642,-4.64036504458343,3.47794249078304e-06,0.00011885520668002
"TENM2",960.303464113685,-0.367088483902962,0.106832778289091,-3.43610350476533,0.000590145464367772,0.0102477800301343
"TCFL5",1116.99963117547,-0.272938820299551,0.0622227164488665,-4.38648191330327,1.1519873920097e-05,0.000340553781440652
"TBKBP1",634.94165492571,-0.367332002239629,0.0996271929220755,-3.68706566416,0.000226854834461263,0.00457912434009126
"TBC1D16",3446.99364756185,-0.598649824923202,0.153342686832468,-3.90399984041787,9.4615842766882e-05,0.00220258978931568
"TAF4",776.089001919658,-0.357175581950865,0.0807566011729645,-4.42286545945471,9.74003992048495e-06,0.000293523919085232
"SYNJ2BP",1717.47128843876,-0.727080272253221,0.161107664846614,-4.51300857066889,6.39144382307475e-06,0.000204131963747436
"SUSD1",1184.49334206325,-0.843498454258397,0.159528285250862,-5.28745390155717,1.24030604130335e-07,5.53344891063978e-06
"SUPT7L",2620.89270849538,-0.293038094104473,0.089376279155319,-3.2787009805502,0.00104286074231709,0.0166536088822169
"SUB1",3412.34398911706,-0.208649643798847,0.0582376944978031,-3.58272499620873,0.000340028523313803,0.00644131638344009
"STX12",2265.9989519567,-1.05831978184142,0.189541546488473,-5.58357680122538,2.35621655047462e-08,1.19823429160595e-06
"STS",638.999130240161,-1.34026022152167,0.0981892140561505,-13.6497703378625,2.02515791461725e-42,1.19323700989879e-39
"STAG2",10228.0883366487,-1.12884179928825,0.267009453323526,-4.2277222219562,2.36068979350481e-05,0.000646427988807959
"ST3GAL5",501.071384375836,-0.406978141124071,0.128208955662442,-3.17433473364835,0.00150180387209677,0.0224705102999278
"SSBP4",782.622976734134,-0.36720610128139,0.118573302629319,-3.09686997948723,0.0019557563516639,0.027755821246579
"SS18L1",1032.4323709146,-0.46669056083355,0.0760597920996283,-6.13583797628907,8.47114611159773e-10,5.24207747167681e-08
"SREK1IP1",1199.81739755372,-0.326721432056983,0.108041753683003,-3.02402933050857,0.00249432254985532,0.0339749014080905
"SPTLC2",2838.2800928026,-0.669501400252617,0.118966370092293,-5.62765258562757,1.82678547226313e-08,9.51654980626832e-07
"SPTBN5",62.2946898200305,-0.798792575523668,0.236976448394053,-3.37076777433767,0.000749590170571048,0.0125725079469563
"SPRING1",2604.70683429187,-0.789180743952914,0.0488596542294377,-16.151991994193,1.09952793869558e-58,9.88822836236387e-56
"SPRED2",2595.4824216778,-0.372546038278329,0.127192255139999,-2.92899939440709,0.00340055084862981,0.0442478419218972
"SPHK2",933.330631460809,-0.296116210172176,0.0642302679215498,-4.6102284756752,4.0222667145771e-06,0.000135827018482172
"SPG21",3580.37450724546,-0.76881258515999,0.20573518762653,-3.73690370631013,0.000186300228386093,0.00389634272023644
"SPCS3",3348.33934020693,-0.817926202703867,0.239861823925438,-3.40998909004429,0.000649654782145845,0.0111340534227944
"SPC24",876.573190697933,-0.447862981423043,0.110055858891912,-4.06941516728246,4.71312966093758e-05,0.00119132021474024
"SP110",1620.03160100305,-0.4109476570722,0.129552233499542,-3.17206153820307,0.00151360929744252,0.0225484237710553
"SOX4",5673.30668424475,-0.761579013359915,0.185330687990864,-4.1092979344978,3.96863796745036e-05,0.00102745631742158
"SOX12",4728.67173469197,-0.640798741577298,0.120795876753326,-5.30480641227396,1.12792631845953e-07,5.04525576008326e-06
"SNX1",5735.37827322537,-0.188409211823803,0.0498168414614938,-3.78203848932162,0.000155549303197843,0.00333484434597432
"SNIP1",1008.8178268506,-0.383203597179971,0.09370029013363,-4.08967353925445,4.31980764435792e-05,0.00110663498079676
"SNAPC2",1538.58583755838,-0.632508071359971,0.161963535813398,-3.90524983406573,9.41280888341032e-05,0.00219422463016142
"SMUG1",1122.4350044813,-0.426383074515631,0.141910232852077,-3.00459710301567,0.00265932857014776,0.0358925333950353
"SMIM15",2287.80836874469,-0.391834452663146,0.0704456712849958,-5.56222185857149,2.663613586862e-08,1.3346969313405e-06
"SMARCD1",6879.56699725303,-0.214857902654795,0.0644885758414498,-3.33172038382488,0.000863109299202429,0.0142492256961081
"SMAD5",3455.39504808675,-0.523355619937655,0.122444523421518,-4.27422644405246,1.91802029668567e-05,0.000538147993587325
"SLC9A6",2250.09107065799,-0.90612976658132,0.255265293037545,-3.54975702258139,0.000385586860542693,0.00719118085454197
"SLC4A11",1191.28030128025,-0.476923783103183,0.124521920500783,-3.83003876895862,0.000128123071559016,0.00283116049861713
"SLC45A3",221.479922587207,-0.844732096316238,0.242581377301207,-3.48226275946713,0.000497195561336552,0.00892392915604797
"SLC39A9",3293.01565067216,-0.576056931761445,0.12739299586143,-4.5218885690391,6.12903240980484e-06,0.000196854843583337
"SLC37A3",2580.68986404356,-0.418134147269628,0.140070947313143,-2.98515970149646,0.00283430305738859,0.0377897250021709
"SLC36A1",766.427801634025,-1.23819980198613,0.139374509959606,-8.88397600353884,6.45122112243999e-19,9.50275994130449e-17
"SLC35E2B",4948.21244620502,-0.353792812677153,0.0875653819251918,-4.04032740905993,5.33766333277865e-05,0.00132757865163303
"SLC35A4",3995.60122639153,-0.126586529617757,0.0329780607358457,-3.83850738318773,0.000123784493125854,0.00274689043382009
"SLC31A1P1",166.960881700591,-0.981096668263774,0.28030712268575,-3.50007755373264,0.000465122816839577,0.00843689338783212
"SLC31A1",2155.36042302673,-1.07886710992414,0.221499668261206,-4.87073916811412,1.11181530501686e-06,4.2691209251288e-05
"SLC2A3",3790.42242749196,-0.985569825381097,0.264561972899405,-3.72528906773705,0.000195091529086549,0.00403574934322258
"SLC2A10",868.754408204858,-0.661746436930806,0.20756344373634,-3.18816466434908,0.0014317897532187,0.021650434967476
"SLC25A16",749.559378596872,-0.56091599334263,0.108687399620323,-5.160818966155,2.4587185658202e-07,1.05030310335424e-05
"SLC25A1",4206.6416235475,-0.157117322100691,0.0481004444313349,-3.26644221187979,0.00108908033479055,0.0171988130134622
"SLC19A1",864.278193132641,-0.877311929251725,0.122950992476614,-7.13546032919248,9.64637784690037e-13,8.54029317461071e-11
"SIN3B",3284.24267858221,-0.539564822611584,0.128025533501055,-4.21450946429478,2.50321655948716e-05,0.000680007334689302
"SHISA4",941.373385001463,-0.347234938507346,0.0890343170830663,-3.90001237594025,9.6187771057381e-05,0.00223613665858159
"SH3PXD2A",6574.79417688225,-0.822684622929103,0.178999197038314,-4.59602409698526,4.30628919553366e-06,0.000143433846947531
"SH3BP4",5267.18220829621,-0.418545077790803,0.14279593668839,-2.93107134206595,0.00337795196029222,0.0439931898974948
"SGTA",5965.21553082634,-0.320949301526122,0.0932553687140177,-3.44161742055156,0.000578247443896464,0.0100718797898663
"SESN1",470.286214896189,-0.923037053154359,0.0838204611917597,-11.0120731863153,3.34222985526458e-28,9.67943754862811e-26
"SEPTIN2",22248.9476591168,-0.101150849671574,0.0304644796704469,-3.32028811145915,0.00089924592294594,0.014703746493184
"SEPTIN10P1",1087.42912027183,-0.683665896444003,0.177548732882594,-3.85058167041994,0.000117837626315045,0.0026389141819727
"SEPTIN10",2692.22607343048,-0.757822708718383,0.184177800260233,-4.11462569130277,3.87808198599103e-05,0.00100859645197304
"SENP6",6224.83504436442,-0.530875810926587,0.0770658988065239,-6.88859559348506,5.6345865629561e-12,4.39936030457012e-10
"SEC62",5376.38029328496,-0.585271083232003,0.14089733221976,-4.15388335613869,3.26879850498249e-05,0.00086327604412111
"SCRN1",11317.0388554109,-0.981438362994091,0.320363466513744,-3.06351524309026,0.00218753060283972,0.0305878358516548
"SCAP",4393.95941487245,-0.532455598297382,0.0657960475598415,-8.09251646632897,5.84444977879298e-16,6.88718023243005e-14
"SCAF1",3401.73224782124,-0.576155111851008,0.151802852580429,-3.79541689801743,0.000147395562013149,0.00319207600522013
"SBF2-AS1",235.204373750401,-0.679346792820527,0.154401415803096,-4.39987411570682,1.0831369285592e-05,0.000321870620839845
"SBF1P2",124.975336056419,-0.723462003441212,0.168186940855269,-4.30153494535451,1.69619016901119e-05,0.000483853112151824
"SBF1P1",405.855212271096,-0.723788742398975,0.127079199679892,-5.69557208592887,1.22958919152935e-08,6.62775726046121e-07
"SBF1",4511.90839965133,-0.607439420318575,0.0668455231863281,-9.08721169891022,1.01611410086346e-19,1.53649041074813e-17
"SAP30L",1588.57503984701,-0.40488287666368,0.0951882947791537,-4.25349437767583,2.10460225072628e-05,0.000582841793487195
"SAP130",3748.8695728386,-0.531768590704495,0.18031142737346,-2.94916744019278,0.00318631293034605,0.0417839823797567
"SAFB",5607.48291580513,-0.250643939592806,0.0370201923678849,-6.77046561784591,1.28368588983745e-11,9.66270519808483e-10
"RTCB",5036.04566319342,-0.582933828296197,0.0667317863826974,-8.73547465001391,2.42635120273973e-18,3.37065552855397e-16
"RSL24D1P6",103.434435598413,-0.673312288147033,0.159183918039106,-4.22977582434943,2.33924303651981e-05,0.0006415833991174
"RSL24D1P2",84.6402968347858,-0.69626988568417,0.213116878775234,-3.26707996891461,0.00108662981003383,0.0171918921889334
"RSL24D1P11",224.53437313631,-0.645364001564151,0.203023471377476,-3.17876547566386,0.00147903707637892,0.0221881532257125
"RSL24D1P1",235.559606155107,-0.672087127897881,0.180925468451322,-3.71471818561965,0.000203430280217901,0.00417790047846547
"RSL24D1",3112.11351485704,-0.652715667970722,0.118142746992279,-5.52480524270679,3.29851300488821e-08,1.61033404898643e-06
"RRP36",3691.90502747003,-0.526816717795421,0.0412276640923777,-12.7782334845602,2.16940970860666e-37,9.50479581819539e-35
"RPTOR",1418.67785220725,-0.500210746853248,0.161593223838882,-3.09549333177477,0.00196485790897565,0.0278387455146492
"RPS6KB2",2985.93302853869,-0.182884377637619,0.0412554412727408,-4.43297591773569,9.2941250760422e-06,0.000283100899245987
"RPS27AP16",9710.64712521574,-0.2600146899572,0.0723692910679352,-3.59288706743191,0.000327034347651646,0.00625059943884079
"RPS27A",4183.09797021482,-0.286558289124284,0.0608298007177711,-4.71082077769436,2.46721133306384e-06,8.72820704928817e-05
"RPL7L1",7403.71624845988,-0.210183171709976,0.0595916452614266,-3.52705770729956,0.000420205167981276,0.0077287897796513
"RPL34",2314.31343842053,-0.399767417932197,0.133946270860366,-2.98453563032703,0.00284009122285846,0.0377965454775011
"RNF6",1120.63861875863,-0.59894517435371,0.168660646766698,-3.55118509169605,0.00038350061551815,0.00717730012854176
"RNF208",78.626311131825,-0.850843395177976,0.236486206897011,-3.59785632465455,0.000320850765386864,0.0061573631227443
"RNF185",1794.27734247095,-0.291274659812065,0.0504875007380665,-5.7692429919085,7.96284172847211e-09,4.40327108784475e-07
"RNF167",6202.99641512336,-0.209005950512997,0.0499765549201177,-4.18207999425073,2.88854295634504e-05,0.000775101921241494
"RNF115",2345.87822194946,-0.235543182981007,0.058378837150434,-4.0347357788927,5.46637750504785e-05,0.00135368104969207
"RNASET2",314.901956522766,-0.69068441814279,0.237633434344779,-2.90651195631287,0.00365482931215631,0.0469196607489218
"RNASEL",240.425642872007,-0.795408312270765,0.206177582488604,-3.857879710636,0.000114374909753929,0.00257826396169577
"RHOB",1403.32334321787,-1.12924967352132,0.0881884165231061,-12.80496598128,1.53793200116213e-37,6.91543265890982e-35
"RGP1",2061.10843462877,-0.437347258007213,0.116221507857653,-3.76304925025471,0.000167854129295136,0.00357674735373979
"RFXAP",183.382022142189,-1.17163065738609,0.162974511856519,-7.18904228667109,6.52473656147923e-13,5.86779861189451e-11
"RFKP1",37.2905413627376,-1.15441149822877,0.245321970211498,-4.70569960461969,2.52996825311962e-06,8.87392013945088e-05
"RFK",1024.38537617664,-0.909403224671248,0.0747525980306681,-12.1655065994918,4.74492442761467e-34,1.84264826578754e-31
"REXO1",2115.63539758993,-0.518218289877545,0.156065863604774,-3.32051018658313,0.000898530800047768,0.014703746493184
"RERE",4430.59651341726,-0.381581268656225,0.0448109429722142,-8.51535904729412,1.66074934824327e-17,2.16620031400251e-15
"RCBTB1",982.048883298104,-0.295661194036516,0.0937525663147875,-3.15363307542741,0.00161251690339561,0.023650709294696
"RBPJP7",49.9117040165634,-1.55938323939265,0.405805206602516,-3.84268908831438,0.000121693590964453,0.0027040031063844
"RBPJP6",43.8543507061288,-1.42596314095399,0.321038101643155,-4.44172555735768,8.92403347246589e-06,0.000273761148912073
"RBPJP5",75.6807944051117,-1.49820485167776,0.371755498741723,-4.03008121399339,5.57575850321991e-05,0.00137677724775316
"RBPJP2",61.7952942871476,-1.34413480076369,0.362509530195108,-3.70786059070022,0.000209017664667197,0.00427211104804832
"RBPJ",2082.86904889541,-1.44022026017012,0.300886975472838,-4.78658226367839,1.69645421994511e-06,6.26075880263544e-05
"RBM23",4408.65871172794,-0.213053458421613,0.0392536980576083,-5.42760221238106,5.71161590287893e-08,2.69597737382575e-06
"RASA4B",320.448462463859,-0.498418868772757,0.14320813212478,-3.48038104664668,0.000500701109515171,0.00896800823719678
"RAMACL",712.993256236804,-0.393871082222073,0.0686451078927636,-5.73778808589495,9.59210296705654e-09,5.23643014051422e-07
"RAMAC",254.101199823176,-0.467591309527687,0.139679281065491,-3.34760678864355,0.000815125762883685,0.0135355237224427
"RAI1",2125.90463425901,-0.593019540974497,0.124087670448246,-4.77903677965998,1.76136974949e-06,6.47237094828725e-05
"RAB7A",8318.34063446601,-0.810694860728731,0.156867737958546,-5.16801524187827,2.36593019575035e-07,1.01319922944327e-05
"RAB37",28.2861195069354,-1.02961793967493,0.324468956903951,-3.17324020608763,0.00150747747158128,0.0225332846195222
"RAB34",7520.13931839715,-0.172242790326159,0.0563786533259071,-3.05510650157744,0.00224980615129683,0.0312540143961048
"QKI",8854.0917923458,-0.465948651109111,0.0891513206157061,-5.22649185554547,1.72756425205648e-07,7.56894624997155e-06
"QDPR",1064.84041813104,-0.630618618597219,0.144223797290988,-4.37250045028891,1.22831563746357e-05,0.000362491006862522
"PYGO2",1638.54095750484,-1.34920133903922,0.193564105236796,-6.97030752364273,3.16248923858425e-12,2.64133266997704e-10
"PYGO1",446.284540197325,-0.492859816689342,0.143388018084136,-3.43724547751366,0.000587662741266273,0.0102254513849458
"PTPN14",3751.86969204585,-1.224080983537,0.131859554553854,-9.2832179486627,1.64435703616574e-20,2.75462045852589e-18
"PTPN13",5755.16122447192,-1.05883430004904,0.0712180201165287,-14.8675054195069,5.35726004223436e-50,3.81414593090244e-47
"PTPMT1",251.468730172777,-2.10450529136662,0.433263771104871,-4.85733041098704,1.18978964039767e-06,4.53793205032925e-05
"PTK2",8115.77901410395,-0.548049659443554,0.0325819171930822,-16.820669458945,1.72201797447418e-63,1.73083065469649e-60
"PTGIS",19.4768990382255,-1.43814596191455,0.45351832366047,-3.17108678279387,0.00151869765071133,0.0225848448718055
"PSMG4",1155.61495119218,-0.880738070759036,0.239047047424303,-3.68437125766186,0.000229267869731495,0.00461425216737581
"PSKH1",1607.09622243234,-0.618197347067872,0.17523953634315,-3.52772758915165,0.000419143266904332,0.00771756573447664
"PSEN1",4134.57997062851,-0.392180014157631,0.1346763226058,-2.91201902880545,0.003591007585291,0.0463440684364557
"PRXL2B",1021.33764109512,-0.258391020324303,0.0613668132338986,-4.21059863968248,2.54694887059029e-05,0.000689694379584409
"PRR29",31.4332538067451,-1.16834626513524,0.286171050199825,-4.08268503861385,4.45183399074895e-05,0.00113720821445156
"PRR11",4504.97352104497,-0.904079306775187,0.0688307931015612,-13.1348087975857,2.08016183834286e-39,1.04540368622837e-36
"PRPF4B",4326.18425701953,-0.276099623678471,0.0605368638803849,-4.56085112410214,5.09466936155801e-06,0.000165814505487508
"PRKCE",872.877166462146,-0.437612208015286,0.103868095153845,-4.21315330147445,2.51830014636642e-05,0.000683018961920049
"PRKAR1B",1530.74466155011,-0.729539374626112,0.102325400352188,-7.12960195723792,1.00659592947631e-12,8.86582713760914e-11
"PPP4R1",6357.2794371561,-0.402668024059279,0.0758012668103543,-5.31215428188958,1.08336821346526e-07,4.85866474107112e-06
"PPP2R1B",2895.05145681751,-1.08089159375659,0.13737229447703,-7.86833762856981,3.59384599708884e-15,3.91134054472974e-13
"PPIL4",2339.15846226901,-0.212073249851976,0.0548267636390356,-3.86806070203611,0.000109704358806295,0.00249433945332408
"PPIL2",2405.7692398354,-0.343734347291195,0.102672201224012,-3.34788134658991,0.000814318676162413,0.013535275505435
"PPIE",2579.34781093534,-0.28811123888742,0.0913348794526032,-3.15444921605147,0.00160801361540431,0.0236122496660308
"PPIB",9364.37448833579,-0.212500091522758,0.069884632213079,-3.04072704961575,0.00236007674072274,0.0324691073017145
"POM121C",6308.23924940223,-0.175256069794371,0.0421114878657442,-4.16171640273327,3.15864472835377e-05,0.000839374221981041
"POM121B",1426.01581316041,-0.271313735783898,0.0623379123929099,-4.35230705311134,1.34712412741351e-05,0.000394149143238264
"POLR3F",1124.91479740548,-0.696140765843119,0.219505528836454,-3.17140424449987,0.0015170387306395,0.0225798264725062
"POLR3C",2172.76745309478,-0.393380463848827,0.0848007051168303,-4.63888199168703,3.50298990562832e-06,0.000119472232569803
"POLE3",4170.54526373185,-0.634298092900839,0.0503327130156564,-12.6021041763343,2.05585706119324e-36,8.78210740115224e-34
"PMM2",1701.10639392324,-0.261924339117683,0.0424591704317178,-6.16885201605401,6.87875673359663e-10,4.33717034343047e-08
"PLXNB2",9462.76305114697,-0.500564450024139,0.033856493935265,-14.784887383237,1.83363743320513e-49,1.25325451284704e-46
"PLD2",1527.91297816491,-0.309366302508938,0.0443771494611942,-6.97129730649927,3.1403152735549e-12,2.64133266997704e-10
"PLCG1-AS1",40.4642465118199,-1.2486350314536,0.352145250366415,-3.54579546410001,0.000391429898562098,0.00726589693302223
"PIP5K1C",4283.7789783728,-0.563922057116713,0.15139636577175,-3.72480577219997,0.00019546565905852,0.00403859941515469
"PIP4K2B",2328.63965647669,-1.05691338954582,0.270401408318965,-3.90868300618867,9.28006355552117e-05,0.00217569979397385
"PIGL",462.12145559356,-0.593718560944663,0.188829092807648,-3.14421126594861,0.00166535162833215,0.0242797468202316
"PHLPP1",1290.05684300542,-0.381689137513958,0.0971337493350244,-3.9295213056944,8.51151352672206e-05,0.00202275704632962
"PGM1",3749.29334277169,-1.26670845753805,0.201651104614174,-6.2816837029566,3.3492572860961e-10,2.20960460415151e-08
"PFKFB3",2219.88753730503,-0.189362561689314,0.0446577205895543,-4.24030960804584,2.23211694212418e-05,0.000616158032149852
"PEX11B",815.673846596411,-0.173128249292792,0.0554764286074148,-3.12075332963399,0.00180389066862876,0.025901747777193
"PDSS1",291.2355955553,-0.699102507645518,0.239807347431876,-2.91526725570457,0.00355384069509054,0.0459337942186173
"PDIA4",10881.8601337317,-1.30467495630182,0.240927965557946,-5.41520762556737,6.12176276772406e-08,2.87369671461816e-06
"PDGFRB",800.359211336093,-0.553348883667446,0.173409536511182,-3.19099453698017,0.00141783961136777,0.0214584813458292
"PDE9A",125.803866464907,-1.33266643160698,0.426016089811124,-3.12820680598666,0.00175876384132854,0.0252962944080646
"PCNX1",5175.15648022538,-0.207182484064254,0.0578557607984963,-3.58101736464658,0.000342258903696538,0.00646922332683932
"PCDHGB7",797.610064428474,-0.647606273902024,0.167893672138122,-3.85724051213349,0.000114674313866475,0.00258160737949468
"PCDHGA10",201.550356577636,-0.942846312262856,0.27869294989869,-3.38310069417112,0.000716723485140558,0.0121014369472299
"PARVA",5941.20049992314,-0.754297178496088,0.203241725450198,-3.71133032267491,0.0002061728484933,0.00422407129760793
"PARP16",622.647312994521,-0.547149615554326,0.0993707647846297,-5.50614274470148,3.66781165489494e-08,1.76540557034337e-06
"PAPSS2",2281.08274070329,-0.631393411799174,0.171422481300469,-3.68325908602658,0.000230270906328887,0.00462898703110787
"PAIP2",2787.11615597093,-0.2197820371409,0.0583426322852044,-3.76709155093498,0.000165160446458853,0.00352762068580303
"P2RX5-TAX1BP3",28.3372314254196,-0.991915349245175,0.331178481074908,-2.99510809405765,0.00274347599405129,0.0367957412169187
"OTULIN",1574.96761660116,-0.349350222312982,0.0933489544260783,-3.74241173305939,0.00018226256220253,0.00383065239896018
"OTUB1",3437.68042674913,-0.376508249302283,0.109004679983336,-3.4540558199872,0.000552223062443176,0.00973770430130707
"ORAI2",3920.07142719575,-0.413778377652257,0.134075399503486,-3.08616181032896,0.00202758450230925,0.0286088657233346
"OLFML2A",504.410182589702,-0.492237970139794,0.0795440455467321,-6.18824409490972,6.08380721090652e-10,3.8788811124164e-08
"OIP5-AS1",4748.92492231243,-0.56326629289455,0.100922618925601,-5.58116999827149,2.38905990989827e-08,1.21133135550242e-06
"OAZ2",2655.60713807038,-0.406608219047241,0.100301599167194,-4.05385579515497,5.03802795809746e-05,0.0012622402304987
"OAF",1231.48118416783,-0.174827453500302,0.0506420269877512,-3.45222069295504,0.000555992769356126,0.00978398398556965
"NXPH3",28.4555623995621,-1.07743551342424,0.326564039058034,-3.29930851091895,0.000969233279945015,0.0156830388772921
"NUTM2A",72.1975959038172,-0.799491688804947,0.214223904267112,-3.73203770858399,0.000189937059551381,0.00394344415134198
"NUMB",3671.20288921355,-0.617117783257213,0.180123422090591,-3.42608293854666,0.00061235336812402,0.0105796582417949
"NT5DC2",8160.95441827538,-0.454915560633335,0.105686049693549,-4.30440499907437,1.67435120792615e-05,0.000478422058358431
"NSMF",4217.89941634406,-1.50969048895013,0.271454922750735,-5.56147766138103,2.67499924456925e-08,1.33648280970628e-06
"NRBP1",15881.4027031978,-0.286033866471556,0.0790508081080088,-3.61835474320189,0.000296481827223911,0.00576991455783027
"NRBF2",557.459262157801,-0.312366736704611,0.100355783789711,-3.11259326477043,0.00185451407262055,0.0265172233965417
"NPTN",5308.02772949848,-0.300969115713818,0.0697239232320269,-4.31658320075098,1.58462968708351e-05,0.000457374450391823
"NPLOC4",7326.8278129279,-0.244200863862543,0.0390284165717323,-6.25700157252635,3.92449457555786e-10,2.56926585488725e-08
"NLK",1262.1607985726,-1.01026994191616,0.0929108022235689,-10.873546646225,1.54091884122042e-27,4.24672261934408e-25
"NKIRAS2",1886.65114035082,-0.241205496167011,0.0598023298185743,-4.03337958401904,5.4980360307095e-05,0.00135955053048818
"NKAPD1",2222.87076269489,-0.470211764329533,0.0614914600298539,-7.64678158725206,2.06071906014356e-14,2.07126509298077e-12
"NGRN",649.599206413655,-1.10601967357401,0.135761383755268,-8.14679139959112,3.73707522188626e-16,4.52875207917521e-14
"NFKBIE",655.83324005676,-0.469000181746277,0.0759760260782969,-6.17300227394034,6.70052479131128e-10,4.24043952256059e-08
"NECTIN1",1925.84218908887,-0.144943862146719,0.0488241962774361,-2.96868915820134,0.00299072964182242,0.0395837315180633
"NECAP2",3825.21267856093,-0.405715709255922,0.110041968468846,-3.68691795413297,0.000226986499447375,0.00457912434009126
"NCOA5",2178.75903501178,-0.248205481815585,0.0787767284818605,-3.15074624954422,0.00162853909575158,0.023824355761222
"NCOA1",2632.43186361277,-0.26359837582496,0.0684393148870961,-3.85156362625511,0.000117366026609822,0.00263180222661683
"NCBP2AS2",697.878346727748,-0.528522848309151,0.0685629094327704,-7.70858256572959,1.27222801136607e-14,1.30171018144982e-12
"NAXD",883.290525958291,-0.351026122621673,0.0926055743993191,-3.79055067579446,0.000150313660037569,0.00323885183992678
"NANS",2850.92508112559,-0.251267542391572,0.0826605624666351,-3.03975118113905,0.00236773672441618,0.032548284320273
"NAA30",1903.62452952232,-0.493390226780239,0.0763914882525322,-6.45870682803308,1.05601463892691e-10,7.30531260540244e-09
"MYO1B-AS1",25.4806173324465,-1.13821412470087,0.354011960608374,-3.21518550600618,0.0013036024974843,0.02001316790163
"MYO10",8175.71575719255,-0.499190374135414,0.162594520619168,-3.07015496115412,0.00213947733718015,0.0300278319681879
"MYLK4",25.9085731479416,-1.57197734133009,0.354823122828954,-4.43031257037856,9.40966002794251e-06,0.00028558234617665
"MYB",190.343414878669,-0.843489152029348,0.234863209640698,-3.59140605001416,0.000328898741266191,0.00627220177680292
"MTURN",1326.41174827216,-0.408575412343426,0.0746980687507963,-5.46969177618894,4.50818885080655e-08,2.14572208617637e-06
"MTRF1L",521.198815684141,-0.487367922281514,0.114299662709463,-4.26394891050858,2.00845385570242e-05,0.000560759003797177
"MTHFR",819.672318542784,-0.488555476482664,0.105844391741911,-4.61578991992271,3.91602931141441e-06,0.00013250137196859
"MTERF4",1117.94804142486,-0.288385557778681,0.0672249011832519,-4.2898621299949,1.78784071181411e-05,0.000507455718318399
"MTA1-DT",171.315120791492,-0.94859970529905,0.315385652164147,-3.0077452756327,0.0026319364113146,0.0355509070831087
"MSRB3",3358.64650465092,-1.33231919309443,0.371988242197895,-3.58161641137476,0.000341474919876542,0.00646155255363287
"MSI2",2499.14041402541,-0.428468200665443,0.0724109556858826,-5.91717367360997,3.27520807647423e-09,1.92314365645069e-07
"MRPL4",3672.46716847391,-0.17097114762703,0.045602390376963,-3.74917073894003,0.000177420268281972,0.00374269151127662
"MRPL35",2101.58854133478,-0.318164294355611,0.107843307915602,-2.95024606074403,0.00317520940895845,0.0416703557379978
"MMD",1508.32430420655,-1.40978079906237,0.481350264890238,-2.92880445258265,0.00340268416254304,0.0442478419218972
"MLXIP",4956.53508333781,-0.431253330055684,0.148674575090053,-2.90065285066039,0.00372386172468836,0.04745096170334
"MIR31HG",550.059488036137,-1.97013641459116,0.36716480600927,-5.36580952843671,8.05869500270018e-08,3.7418185193244e-06
"MINK1",8225.30842943654,-0.331248577170629,0.031093651391956,-10.6532543571362,1.68373811352968e-26,4.29403479789278e-24
"MIA2-AS1",18.395901476507,-1.12008226322075,0.331038589834236,-3.38353985794109,0.000715578200635763,0.012094050162476
"MGAT4B",8770.15772224822,-0.616023829868351,0.149379646545929,-4.12388062304689,3.72542028248515e-05,0.000973156198296423
"MFN2",9022.49049856198,-0.427065914354842,0.0415073080451202,-10.288933069102,7.90473815829228e-25,1.85025014946219e-22
"MFN1P1",827.708003468764,-0.394603540887401,0.131761103182662,-2.99484090035553,0.00274588026429146,0.0367991028046653
"MFN1",2496.59089715616,-0.35036863338616,0.107261293341862,-3.26649644498944,0.00108887175021614,0.0171988130134622
"MFF",2457.09599651054,-0.255008171084626,0.0757755662559441,-3.36530868305615,0.000764580695938733,0.0127831608136058
"MFAP3",1704.80559131466,-0.324163809802053,0.0569749007729028,-5.68958972116762,1.27344966270207e-08,6.82113930614114e-07
"MFAP2",4575.26477464552,-0.437139893582936,0.108837171436445,-4.01645768457151,5.90794661964975e-05,0.00145041787198212
"MEX3B",664.373699665712,-0.452488260672666,0.0795911481130009,-5.68515810364034,1.30691695724932e-08,6.97852814016225e-07
"METTL6",1060.25231623251,-0.265461503285456,0.0690134106291123,-3.84652056557649,0.000119807078900899,0.00267600464990805
"METTL17",2247.66471213655,-0.3794653325423,0.126797815866375,-2.9926803545433,0.00276539217351256,0.0370205682169943
"MET",21242.9813864832,-2.19858768556611,0.259583477045873,-8.46967499852689,2.46078658341571e-17,3.13787017543464e-15
"MELTF-AS1",51.7358596944152,-0.758704001606888,0.251498258206022,-3.01673660493257,0.00255511725174106,0.0346502289527774
"MED4",705.759015780108,-0.55129962078593,0.152423255895931,-3.61689964923945,0.000298152827149024,0.00578267577468261
"MED22",1783.11518036867,-0.383116482266993,0.0671366915268481,-5.7065141810538,1.15313303770065e-08,6.23531146050347e-07
"MED21",1109.05623595343,-0.941078837642693,0.0829615790660982,-11.3435502100666,7.98384787724042e-30,2.43607158354298e-27
"MCRS1",3348.33546130537,-0.656365767517299,0.17570097036206,-3.73569802241134,0.000187195202569588,0.0039054999100202
"MCL1",8437.11636542291,-1.03198443425139,0.118330227327237,-8.72122413318355,2.75210049121602e-18,3.79235008817808e-16
"MBTPS1",6950.48922124087,-1.18422671725944,0.137506856566176,-8.6121284918583,7.17163964050846e-18,9.57357863573188e-16
"MBD5",958.990025097869,-0.503411544937771,0.157752493487939,-3.19114794198965,0.00141708697842265,0.0214584813458292
"MBD3",2600.10816133757,-0.321448908317022,0.0660758101595269,-4.86485004937431,1.14543614767447e-06,4.38835593168469e-05
"MATCAP2",582.358545445439,-0.57239675871766,0.135104527734141,-4.23669560389585,2.26833317769904e-05,0.000624138631358189
"MAT2B",5011.44427582312,-0.392158852620429,0.0704281016009999,-5.56821558022602,2.57361291932607e-08,1.29339188095661e-06
"MARVELD1",4637.12885799715,-0.516088596812791,0.0513059272645162,-10.0590443313111,8.3807917104381e-24,1.7900323494532e-21
"MAPKAP1",5539.65795703042,-1.36114960046288,0.332241159723259,-4.09687228878161,4.18769777888827e-05,0.00107601792402803
"MAPK3",2855.6975274464,-0.532764366965291,0.0833697811917967,-6.39037741672415,1.65476814672237e-10,1.13554310534317e-08
"MAPK14",4068.03010325792,-0.551329119339824,0.107622556499424,-5.12280266584053,3.01027345030765e-07,1.26069956974036e-05
"MAP4K4",20317.6276814529,-0.242535084015259,0.0483759379725271,-5.01354793684818,5.34354468905749e-07,2.14835642592765e-05
"MAP3K4-AS1",140.441048168361,-0.60287338885212,0.188663748638677,-3.19549141370409,0.00139592936451935,0.0212208585867812
"MAP3K20",6417.93535010388,-1.01126191293184,0.163292643469426,-6.1929422627124,5.90513649173255e-10,3.79327320429452e-08
"MAP2K7",2788.33315967837,-0.247094987542629,0.0782826124254796,-3.15644789930648,0.00159703415591155,0.0235448857826235
"MAP2K4P1",186.185053107346,-0.708801022449455,0.23339720382656,-3.03688737837739,0.00239034746623123,0.032779989691407
"MAP2K4",1035.14804542742,-0.743717572282631,0.13920050592814,-5.34277923290424,9.15322153229458e-08,4.14857019422593e-06
"MALSU1",1980.82519417643,-0.647400361317429,0.145293205139338,-4.45581994489395,8.35731542161992e-06,0.000260111928249945
"MAGED1",10037.297227339,-0.413394585349091,0.130696544965909,-3.16301081606189,0.00156146530167709,0.0231202405630472
"LYPLA2",1450.4243448294,-0.238333010348949,0.0735730514346275,-3.23940635465849,0.00119778791686749,0.0185722342427539
"LSM7",5748.2344914667,-0.564655346708941,0.125288243379202,-4.5068502157855,6.57970455562418e-06,0.000209362033039014
"LSM11",752.558652362139,-0.472244867697791,0.106548831129505,-4.43219191324397,9.3279933623565e-06,0.000283607513492145
"LRP8",1654.29477629309,-0.385192576624267,0.122926552222296,-3.13351810215662,0.00172724264166256,0.0249901735970264
"LRIG2",1019.24962630669,-0.305613432928457,0.0841312235097474,-3.63258039261783,0.000280601113316681,0.00549843030188318
"LPP-AS2",121.331955322499,-1.12289902572279,0.346626537862095,-3.23950679785958,0.0011973661229363,0.0185722342427539
"LOXL3",162.514153690598,-0.814335278442029,0.213601823386404,-3.81239853448678,0.000137624732545497,0.00300331265007012
"LMBR1",5071.97927629901,-0.353504020043503,0.0610947226481069,-5.78616294044928,7.20123657750075e-09,4.04761609867616e-07
"LINC02977",170.572047557454,-0.728251675855727,0.196071667694953,-3.71421166768846,0.00020383813000702,0.00418125105333727
"LINC02701",47.210986141622,-1.25526771775116,0.355234162389853,-3.53363457305541,0.000409887363897845,0.00757161663451078
"LINC02035",168.695423039937,-0.526961511348079,0.134508081220714,-3.91769406392311,8.94000672853248e-05,0.00210991567638722
"LINC01963",385.458751733686,-0.884391244471794,0.276301827064559,-3.20081576682861,0.00137039122867242,0.0209070311824336
"LINC01521",87.8254078188332,-1.59325935202253,0.249422562816224,-6.38779160166217,1.6829847620709e-10,1.15028642518022e-08
"LINC01144",53.0160924019171,-0.773064793023181,0.252802894357787,-3.05797445471126,0.00222838571315348,0.031057444274595
"LINC00863",274.458898765663,-0.523818501709279,0.176507465138523,-2.96768468856649,0.00300051959940982,0.0396518781091381
"LINC00638",63.3732563093149,-1.32195201796408,0.440821967573406,-2.99883425783209,0.00271014693519109,0.0364573850438116
"LINC00205",1172.703342176,-0.288077765800637,0.0716158393291153,-4.02254261765693,5.75732324819477e-05,0.00141547312722164
"LDLRAP1",1437.23166989232,-0.460348921960076,0.123838514991442,-3.71733238235205,0.000201337481035772,0.00414488378127497
"LDB1",4209.86778224993,-0.439507563776421,0.0503015204890451,-8.73746080642113,2.38408364494205e-18,3.33908501976432e-16
"LARP4P",456.987539208709,-0.552126695978535,0.1013277274064,-5.44892015355377,5.06765560240181e-08,2.39864352571301e-06
"LARP4",3165.52475016194,-0.58827924195791,0.0800746914795918,-7.34663138986732,2.03264410576765e-13,1.89791201285529e-11
"LAMTOR3P1",103.534917598103,-0.587280811748295,0.198482666528981,-2.95885188373638,0.0030878747818421,0.0406490881335407
"LAMTOR3",1100.99831777565,-0.655328428854951,0.168109907052128,-3.89821421203775,9.69046772287777e-05,0.00224713039579477
"KLHL5",2995.13988256077,-0.489728813613079,0.0829752735921308,-5.90210543951161,3.58891662881959e-09,2.09296308657475e-07
"KLHL24",1844.07441888438,-0.270359906555123,0.0724005933427632,-3.73422224974275,0.000188296163298116,0.00391889956428125
"KLHDC3",8625.03377199662,-0.226097747955492,0.0574634489911119,-3.93463587593677,8.33229207011307e-05,0.00198292304459641
"KIN",982.703587930386,-0.465854822433313,0.0849363775789312,-5.48475030031032,4.14053846793581e-08,1.97623968719606e-06
"KIF3C",2079.27836535848,-0.703457913727379,0.132236663439739,-5.31968892309466,1.0394482594985e-07,4.67396116053971e-06
"KIF18A",3413.11530912192,-0.171134494402229,0.0566232524920595,-3.02233599926511,0.00250831959050242,0.0341239306074163
"KIDINS220",5953.36092849205,-0.453848810460467,0.0657526707486895,-6.90236313282396,5.11444910007339e-12,4.10284468417624e-10
"KDM4B",3674.31006532481,-0.692710369150516,0.0752363942026299,-9.20711813068657,3.34997935536494e-20,5.34963525655334e-18
"KDM3A",3649.76262803569,-0.598602430246204,0.17848160114249,-3.3538607140145,0.000796924671049792,0.013284928638271
"KCTD1",764.226991225184,-0.617081185318306,0.131286213820282,-4.70027406048153,2.59812572083254e-06,9.06003554936032e-05
"KATNAL1",777.882726802586,-0.821926690980333,0.163757674467654,-5.01916440650652,5.18967212874098e-07,2.09635762798575e-05
"KAT5",914.109318800871,-0.387477639934678,0.0915369617051639,-4.23301836456757,2.30575668718958e-05,0.000633415828199491
"JAM2",84.3527896624418,-0.778211584431628,0.246517482026156,-3.15682108236469,0.00159499179363433,0.0235350818461397
"ITPA",2352.74544540767,-0.408651071541835,0.113537004816239,-3.59927648437831,0.000319103775585232,0.0061333253244374
"ITGA11",32.9036581421541,-0.91104946821034,0.314452472100495,-2.89725649833396,0.00376441840027471,0.0478590901826592
"ITFG2",707.160987991025,-0.334458665319229,0.114572316622048,-2.91919265648213,0.00350939260938779,0.045428023876219
"IQCE",1980.69604755853,-0.279740057895343,0.0863855520746174,-3.23827366008742,0.00120255398420493,0.0186292293092563
"INTS9",1666.51550855374,-0.486934696731393,0.0793656298724878,-6.1353346217213,8.49801287326316e-10,5.24207747167681e-08
"INTS3",2497.23088612657,-0.316339934332871,0.0980246863963547,-3.22714558916084,0.00125031824878739,0.0192643714310461
"INPP5F",1525.60865967234,-0.452123730977235,0.115759226736259,-3.90572521711235,9.39432159368116e-05,0.0021934421876391
"INPP4A",1806.6052301319,-0.463788544690039,0.154485811646582,-3.0021433020079,0.00268085944416484,0.0360975928466861
"INIP",1651.54212024137,-0.486880382953987,0.0570922627098596,-8.52795737713692,1.48954399681591e-17,1.95783371335335e-15
"ING4",923.127812632556,-0.623597144002368,0.200981131991368,-3.10276461189974,0.00191722065750022,0.0272996244789218
"ILF3-DT",849.940602360213,-0.52433455751952,0.115707572584579,-4.53154919602383,5.855269721801e-06,0.000189030252548337
"IKBKE",759.77483560915,-0.316458732543573,0.107920927704932,-2.93232035040328,0.00336439508176482,0.0438500524501262
"IFT81",1670.6484097023,-0.295157872226354,0.0525889073692895,-5.61255000324874,1.99366572631113e-08,1.0291772285643e-06
"IFT140",825.31724100914,-0.371983542007198,0.0973533417364943,-3.82096325993661,0.000132931456135222,0.00291205101408018
"IFRD2",2961.77102990883,-0.613080409618552,0.123930210499393,-4.94698110451086,7.53732898441135e-07,2.94983615077929e-05
"IDUA",314.549890289689,-0.529218318444413,0.161922465013081,-3.26834400897774,0.00108178791228845,0.0171789126926326
"IDH1",5235.28783009885,-0.140920529969972,0.0360537630753664,-3.9086219564763,9.28240855508242e-05,0.00217569979397385
"IAH1",1494.52941560443,-0.71431951957145,0.141519513896074,-5.04749839726003,4.47632525268776e-07,1.82111832363514e-05
"HTR7P1",249.118971005399,-0.913744578935217,0.114946767249577,-7.9492847062959,1.87591484564354e-15,2.06798432048459e-13
"HSD17B14",1248.32527610834,-0.928670960033025,0.280728878092744,-3.30807064218815,0.000939411100199216,0.015229333462148
"HSD17B10",3639.2820552195,-0.587807624500433,0.0852809913040225,-6.89259840337606,5.47823706336025e-12,4.33156654034458e-10
"HS2ST1",2301.06903008819,-0.708437931663864,0.135821718152655,-5.21593999324632,1.82887379658428e-07,7.99231881387098e-06
"HOXD3",38.158449139531,-0.813496930701305,0.265241468776083,-3.06700507448954,0.00216215186598613,0.0302825319132008
"HOPX",230.606249581877,-0.783784442681203,0.264514770004084,-2.96310275100744,0.0030455488703481,0.0401537758855231
"HMGA2",26990.6489317733,-1.82637500835073,0.573839942604226,-3.18272548275778,0.00145895867260395,0.0219254413709619
"HMCN1",53.117259771854,-1.25118185463758,0.358169838042149,-3.49326414942384,0.00047715426634104,0.0086276560306554
"HMBOX1",849.012367533528,-1.01809634858439,0.34970814878532,-2.91127430722061,0.00359957851402743,0.0463846139284967
"HINFP",1182.5912892505,-0.288215441312167,0.0593983894884782,-4.85224336542111,1.22072695038129e-06,4.64555933210805e-05
"HERPUD1",3170.48626033598,-0.413468634606071,0.117502899874122,-3.51879515355801,0.000433511297269475,0.00793934355460184
"HDGFL2",4724.43630301941,-0.745083854516545,0.162701204637099,-4.5794612042267,4.66175243692056e-06,0.000153774833763825
"HDAC11",346.357252185024,-0.487803842572013,0.133898371774723,-3.6430901743355,0.000269384411847461,0.00530296249451333
"H3-3A",2132.10006283529,-1.32592037311547,0.430621620947845,-3.07908453411367,0.00207637755688176,0.0292249285950895
"H1-10",1460.25226753191,-1.12062597121313,0.17978881610365,-6.23301268398739,4.57549108010214e-10,2.98402351472158e-08
"GUSBP1",232.287951819765,-0.874067654104847,0.235674584667312,-3.7087904719922,0.000208251664645923,0.00426155232791005
"GUCD1",4750.42533344655,-0.315380718657015,0.035778376392461,-8.81484154556187,1.19854452520211e-18,1.70662752517737e-16
"GTF3C5",3763.91263914347,-0.439755034203408,0.0838911726042478,-5.24197028783862,1.58870957087791e-07,6.97847826159149e-06
"GTF3C2",3819.20597418396,-0.10057835512141,0.0324289594020786,-3.10149807381617,0.0019254412503431,0.0273938506616257
"GTF2IP1",2148.728132716,-0.244658083540642,0.0807577245144958,-3.02953166414101,0.00244933227143353,0.033454628714616
"GTF2I",13384.7973820004,-0.18413885753894,0.0554703354601093,-3.31959156207665,0.000901492364160731,0.0147263862585224
"GRK5",927.70961931901,-1.05415488608673,0.0821468331566177,-12.8325687744642,1.07732057142476e-37,5.11338238998192e-35
"GPX8",3945.90986742749,-0.126536292661626,0.0375538863653804,-3.36945932653923,0.000753158057563729,0.012604516875212
"GPR161",1104.0546145676,-1.17961931807602,0.372393099115852,-3.16767233570309,0.00153664604217108,0.0228120511925084
"GPR137B",353.119736308945,-1.00616512518285,0.282377555815624,-3.5631908572784,0.000366374101839521,0.00689453114331706
"GPR137",1377.97393907618,-0.195221149230529,0.064331067895831,-3.03463249742168,0.00240828945391905,0.0329467108880022
"GPN2",1560.65017769143,-0.262791363521738,0.0490709145644301,-5.35533861258472,8.53963398489644e-08,3.93306538813815e-06
"GPC1",2341.68084299697,-0.309224356520323,0.0655847709122884,-4.7148804854998,2.41852666115946e-06,8.60945105400659e-05
"GPATCH8",2998.43157578165,-0.425519393856407,0.144007485111267,-2.95484219815124,0.00312829013462262,0.0411494176522684
"GOLPH3",3106.93509301545,-0.285071864061562,0.0610234884053173,-4.67151045459935,2.98992878016518e-06,0.000103628626910106
"GOLM2P1",761.484768931355,-0.202097919217507,0.0662279580827917,-3.05154990532645,0.00227663199478577,0.0315241579375239
"GNRHR2",46.619178626933,-0.765996719908823,0.260926849765157,-2.93567611228298,0.00332821627430932,0.0434447910459307
"GNG2",491.810858562792,-0.440232426399832,0.138929740728533,-3.16874143787571,0.00153100529731636,0.0227480761002128
"GNB5",1488.00396143379,-0.30141564705779,0.103454377643898,-2.9135127379075,0.00357387256339074,0.0461577932658032
"GLB1",4620.37151158992,-0.199767635193686,0.0605626562599214,-3.29852829334843,0.000971930847343583,0.0157118092606999
"GLA",2568.48227197396,-0.283788967852996,0.0703102527072457,-4.03623876925351,5.43149402106535e-05,0.00134788877620759
"GGN",58.7620016855723,-0.909437155967243,0.273172996244286,-3.32916199064558,0.000871077245853766,0.0143530346190003
"GFPT2",1028.13376364215,-0.938321575633212,0.264406276093954,-3.54878707682336,0.000387009883156955,0.00720352709531905
"GET4",257.588827241326,-0.419289344433898,0.134811703920488,-3.1101850376522,0.00186970176882889,0.0266674408380461
"GBA1",1607.80255160376,-0.982113873396432,0.287560783819219,-3.41532618026893,0.000637056744025033,0.0109400890303073
"GATC",1274.06872896466,-1.10215593690966,0.14120216254044,-7.80551740200158,5.9257926354523e-15,6.36817728062726e-13
"GARRE1",855.533174215247,-0.758336255630527,0.0988478973415836,-7.67174898025381,1.69666747865496e-14,1.71544125489807e-12
"GALNT11",1933.65159692118,-0.708875727246697,0.0998003163195537,-7.10294068584839,1.2212983070871e-12,1.05930579559377e-10
"GABPB1-IT1",411.929727494091,-0.366946127231859,0.125469766958208,-2.92457805675277,0.00344923561881197,0.0447221041156963
"GABPAP",294.500756068733,-0.75117244515567,0.175315449897988,-4.28469051411476,1.82993741967433e-05,0.000517684448509523
"GABPA",1052.79227352518,-0.916180464153065,0.114845346315307,-7.97751492374533,1.49308856200312e-15,1.66747740254558e-13
"G3BP2",7151.54034144445,-1.03860405543029,0.110311468075424,-9.41519565962224,4.72202106732365e-21,8.15001757347062e-19
"FTSJ3",7022.7147184419,-0.335811184583615,0.108284028013543,-3.10120699002457,0.00192733512740519,0.0273979827969821
"FSCN1P1",684.820918022195,-0.80803785206266,0.144491235015483,-5.59229666751809,2.240855061821e-08,1.14296986392046e-06
"FSCN1",7345.30587554909,-0.795902824871602,0.14324501477363,-5.55623402412549,2.7565723728251e-08,1.3732230942992e-06
"FRG1DP",69.2727583937289,-0.579068347354827,0.176106407502668,-3.28817307425941,0.00100839826543546,0.0161485484175217
"FRAT2",393.505292009043,-0.481207345602486,0.142789016470762,-3.37005854859306,0.000751522140748253,0.0125894694303582
"FLOT2",4075.23601671193,-0.461141094930247,0.112163414490409,-4.11133253231766,3.93382153881048e-05,0.00102153812513153
"FKTN",2064.25101017265,-0.180148595363104,0.0522995552101975,-3.44455310640918,0.000572004256412202,0.00998349001972961
"FKBP10",5739.04383115346,-0.431772214604886,0.121558276814668,-3.55197709213319,0.00038234814632113,0.00716357760547057
"FHL1",990.062181115806,-0.955100827982305,0.176298764107955,-5.41751289531139,6.04337921445166e-08,2.84471682196517e-06
"FBXO44",519.723671932965,-0.376880160581826,0.0889231423011302,-4.23826858598356,2.25250199086788e-05,0.000620782282547732
"FBXO41",658.535376321383,-0.578817284660683,0.154970186399792,-3.73502347843508,0.000187697675151877,0.00391120753087821
"FBXO17",985.171508750261,-0.264805738632626,0.0792149312100171,-3.34287658384206,0.000829147670793035,0.013738941293162
"FBXL12",999.895146701389,-1.24610514436861,0.140071289585012,-8.89622097476535,5.77804792726816e-19,8.58517434202009e-17
"FAM8A6P",26.7500822730168,-0.845902568191653,0.292859189319205,-2.8884276097263,0.00387173136022201,0.0490773544155145
"FAM8A1",1665.22135996373,-0.615243710208859,0.0511621796603624,-12.0253615911817,2.61441041295165e-33,9.71139798393583e-31
"FAM66C",45.5334999893173,-1.28278832380831,0.296441803505426,-4.32728551992104,1.50958223266418e-05,0.000439424729293575
"FAM32BP",301.096883347829,-1.16729496089537,0.218132236286169,-5.35131799301773,8.73159303597946e-08,3.99991233795659e-06
"FAM32A",2785.54552084387,-1.33150489467753,0.222420971360406,-5.98641794671415,2.1451272739067e-09,1.29062639891704e-07
"FAM217B",1019.31150920961,-1.34453543512898,0.30330413296827,-4.43296114026127,9.29476236185396e-06,0.000283100899245987
"FAM210B",4278.1353912408,-0.492342613869857,0.0727449219138326,-6.76806849078818,1.3051297451074e-11,9.78103155905711e-10
"FAM20A",24.4376144499184,-1.24198457043393,0.321171020211499,-3.86705055025217,0.000110159599892673,0.00249973052239854
"FAM13B",2015.33332739757,-0.264146667738809,0.0798381320242134,-3.30852765516481,0.000937879215370938,0.015229333462148
"FAF1",5261.87871009656,-0.347828342548226,0.0715372164162826,-4.86220124255571,1.16087510875729e-06,4.43755547725634e-05
"FAAP20",3124.53012435249,-0.400889524662635,0.0780700632189502,-5.13499679817508,2.82148827545125e-07,1.19629702636813e-05
"EYA3",1766.81352177324,-0.86666903608437,0.251007741433592,-3.45275819436692,0.000554886162456692,0.0097745771730902
"EVI5L",2365.33515434941,-0.261187514510165,0.071576531555552,-3.64906637460425,0.000263195100743572,0.005205109590747
"ERCC4",870.099918819111,-0.384953418630027,0.0998581487883251,-3.85500255413341,0.000115728420931399,0.00260190990586159
"ERCC2",4997.97331442687,-0.200433902584367,0.0670572120328768,-2.98899844637291,0.0027989355491629,0.0373928160504664
"ERAP1",2218.42252750102,-0.620913128067764,0.0712248371164447,-8.71764897198206,2.84037961433374e-18,3.88268531760965e-16
"EPHB4",5232.40441627286,-0.281157194192262,0.0735733077459474,-3.82145648749561,0.00013266582403691,0.0029099626897544
"EPB41L1",1233.15375503301,-1.88634748123104,0.432692175336884,-4.35955995682699,1.30324244130761e-05,0.000381964041074153
"ELOF1",2282.66707403054,-0.753507480141946,0.135904497799779,-5.54438957018219,2.94981428348962e-08,1.45674788040425e-06
"ELOA",3403.18270946992,-1.10285920143184,0.298636300740101,-3.69298440510633,0.0002216376195807,0.00449776960305869
"ELMO2",2975.45726522326,-0.336694080739639,0.0827031056680228,-4.07111774122676,4.67880916657244e-05,0.00118439721821072
"EIF4G2",77373.6560966107,-0.213134932033384,0.0469030709657512,-4.54415729385856,5.51554616255249e-06,0.000179171363649305
"EIF3CL",17247.3410707793,-0.1007997289803,0.0321676965948602,-3.13356999880452,0.00172693722743769,0.0249901735970264
"EIF3B",16181.3278186416,-0.901850407888607,0.0981385598563911,-9.1895622801915,3.94443134828924e-20,6.24060170816836e-18
"EIF2AK1",12547.0736069071,-0.300135508134818,0.0593824266547546,-5.05428162913896,4.32013731755131e-07,1.76177055715989e-05
"EIF1B",1835.08269112635,-0.46416765742,0.139359740383897,-3.3307155720967,0.000866230625264989,0.0142869524072422
"EHD3",645.590505663097,-1.08897396490508,0.28116475884664,-3.873081282918,0.000107467965701661,0.0024582397991222
"EHBP1L1",3895.47735991557,-0.941977396923096,0.0790196715273783,-11.9207961601906,9.22229933659125e-33,3.35279635668797e-30
"EFEMP2",3543.33020516234,-0.539525501909772,0.140328680526597,-3.84472724951985,0.000120686598532701,0.00268862048126241
"EBLN3P",1995.95242726011,-0.495962355991579,0.0657772949075716,-7.54002360067392,4.6988641075436e-14,4.61433856354008e-12
"E2F5",696.74558191404,-1.12596200870216,0.198330063956049,-5.67721295623484,1.36906992029237e-08,7.22559035546822e-07
"DZIP1",2061.3551738163,-0.445232633551706,0.0635010310481791,-7.0114236919067,2.35905146276133e-12,1.99550061109915e-10
"DYRK1B",1194.06561299221,-0.729552917359595,0.0876245641663413,-8.32589496222377,8.36939922330282e-17,1.03628930817808e-14
"DYNLT3",1193.02176593226,-1.32964644272784,0.308253766487002,-4.31347995478234,1.60704716848072e-05,0.0004622830802665
"DYNC1LI2",5625.38820671923,-0.282557789400412,0.0550870115072628,-5.12929966010515,2.90822087342723e-07,1.23001906099631e-05
"DUX4L50",44.3691359823752,-1.48074379778399,0.510480516985261,-2.9006862133129,0.00372346531067794,0.04745096170334
"DUSP16",1552.91706156502,-0.579383667928612,0.123045369709967,-4.70869947641502,2.49302315653512e-06,8.78315189190012e-05
"DPM2",2738.02183511139,-0.474881598234665,0.0746859742222977,-6.35837723454223,2.03896243482621e-10,1.37706526181326e-08
"DPCD",1244.52290839165,-0.326368803349955,0.0875581074007866,-3.72745383652529,0.000193423975051231,0.00400610358993987
"DOK3",74.8466261326538,-1.01052941508053,0.251138434635465,-4.02379435289284,5.72679282858947e-05,0.00140999580781136
"DNTTIP1",3770.20319495284,-0.214420313331258,0.0621931447991887,-3.44765189191807,0.000565482346112785,0.00988986371343824
"DNMT3B",1160.07862436072,-1.19067600355355,0.31120638236286,-3.82600123594268,0.000130241635550545,0.00286046121677656
"DNMT3A",1520.59709857525,-0.421187239446248,0.10888149236972,-3.86830884000062,0.000109592803314562,0.00249433945332408
"DNAJC3",1463.02129634469,-0.511899595391254,0.163091084746564,-3.13873438383663,0.00169679176258167,0.0246959802787333
"DISC1",115.727304892395,-1.3282351936323,0.20965229854187,-6.3354191815218,2.36696861590552e-10,1.58605461725403e-08
"DIDO1",4234.67538711125,-0.178367909636754,0.0590840167567305,-3.01888597674659,0.00253705997741649,0.0344326797729274
"DHX33",3538.24390462089,-0.35797300358681,0.116978354293703,-3.06016447015513,0.00221215474219938,0.0308816079084647
"DHX16",495.401876496071,-0.632242091152806,0.0968157102184721,-6.53036671141597,6.5608852563408e-11,4.61340931584754e-09
"DHRS4-AS1",617.694647707274,-0.436037972905189,0.124968085140709,-3.48919464048943,0.000484478237142153,0.00873251558056314
"DHRS1",1014.53304187398,-0.572459971012145,0.11966159019194,-4.78399100407996,1.71848378322762e-06,6.32839060431256e-05
"DERL1",2242.62789631883,-0.64518416193335,0.144605497504799,-4.46168488104637,8.13177456589569e-06,0.000254949783499926
"DDX56",5190.94798073121,-0.291293913499761,0.0909083948597803,-3.20425758203147,0.0013541127008641,0.0206994441050142
"DDX18P5",233.255477166266,-0.645489443771545,0.222287262036918,-2.90385259981447,0.00368601652792927,0.0472490355684377
"DDX18P3",409.216252577449,-0.560608986466871,0.179837055009206,-3.11731631969936,0.00182505634842071,0.0261616928065979
"DDX18P1",411.367721291144,-0.562063476107371,0.152337283599868,-3.68959891383976,0.000224607886808679,0.0045472452155212
"DDX18",3572.23928132536,-0.710796657590273,0.135277033499918,-5.25437791767294,1.485256256619e-07,6.57476001472769e-06
"DDX10P2",555.135469255858,-0.967342989885385,0.125348229596102,-7.71724493439091,1.18871088190008e-14,1.23100017206222e-12
"DDX10",1328.87323619959,-0.961376806851429,0.166538815552629,-5.77268910951042,7.80163071421770e-09,4.32813194850123e-07
"DDI2",1894.30802625724,-1.05731127293073,0.0588609384430617,-17.9628680904145,3.80622560369096e-72,4.64549834930481e-69
"DCTN5",4025.18537123449,-0.547310051932362,0.0866952319117979,-6.31303521385334,2.73615206786775e-10,1.81916849741853e-08
"DCHS1",1873.77891499303,-0.951689132877402,0.319070110675056,-2.98269596880734,0.00285721666185959,0.0379931993005407
"DCAKD",881.037016267879,-0.741914767075774,0.127239153883369,-5.83086844286808,5.51396450213711e-09,3.13013659295737e-07
"DBNDD1",407.477674918613,-0.783187449613594,0.197402594453027,-3.96746279745558,7.26418470392024e-05,0.00175315146943341
"CYRIB",3667.27970351826,-1.3469229221498,0.435898430389938,-3.08999259516693,0.00200161485508775,0.0282657793627144
"CYB5R3",6872.75695292605,-0.378600631772406,0.0950125998619686,-3.98474131138844,6.75536776146857e-05,0.0016372903395775
"CYB5R1",1307.25597823751,-0.372245898386075,0.128855761140252,-2.88885723922664,0.00386644566379053,0.0490467387210014
"CXCR6",27.5962364017375,-1.10770364449304,0.32652077063163,-3.39244465934057,0.000692719235476503,0.0117893362316604
"CWC15",3095.40631174754,-0.875139990063112,0.0769972441429805,-11.3658612045649,6.18514319843171e-30,1.92155530602914e-27
"CUL7",2997.08715353925,-0.529921913189383,0.119862945013488,-4.4210653520131,9.82154611621029e-06,0.000295459081844516
"CTXN1",625.651439167248,-0.577786557301259,0.158513169990539,-3.64503818411899,0.000267352103580838,0.00528120854784483
"CTSO",390.724315771693,-0.473269012907702,0.130733352427764,-3.62010920793301,0.000294478700652738,0.00575058006634667
"CTPS2",2113.93390588016,-0.230705103033239,0.0668968740703331,-3.44866791220594,0.000563359082474497,0.0098721513277486
"CTNS",1444.11042264211,-1.00235361704355,0.287977446814568,-3.48066707351907,0.000500166772975997,0.00896783803760847
"CTIF",1758.73961278978,-0.571761420139734,0.143326096184877,-3.98923458713491,6.62868421836626e-05,0.00161115685973292
"CTDSP1",4426.86058057227,-0.22226689354443,0.0400637105986064,-5.54783593989324,2.89227072542572e-08,1.4324704314594e-06
"CTBP2P8",401.416191043443,-0.497400210208801,0.162897415814918,-3.05345672747774,0.0022622134530417,0.031375358175425
"CTBP2P4",431.285960043232,-0.502289250719314,0.155342427350533,-3.2334324838757,0.00122312243389511,0.018879397495904
"CTBP2",2614.13119242137,-0.634708680928675,0.124269517171399,-5.10751707559346,3.2641960746986e-07,1.35049196921005e-05
"CTBP1-DT",805.578079942081,-0.438398850222169,0.107680575314257,-4.07129000697421,4.67534986507903e-05,0.00118439721821072
"CSTF1",2319.99107199923,-0.250685783101948,0.0532586532491797,-4.70694934641084,2.5145135632277e-06,8.84063647219584e-05
"CRK",2080.8356652057,-1.22033893456036,0.263760865921181,-4.62668686766076,3.71561625957638e-06,0.000126220149159804
"CRELD2",1749.32737940175,-0.322994499692802,0.0495341596833335,-6.5206415483309,7.00073057435091e-11,4.90251980835795e-09
"COX15",1694.03520620364,-0.458919434581343,0.0542297809746182,-8.46249839725771,2.61709339425071e-17,3.31246480204162e-15
"COPE",5842.06136969101,-0.324514224683589,0.0936050019874836,-3.46684704656042,0.000526601450967593,0.00935347088636514
"COMMD5",718.473746810611,-0.662258372391506,0.0754098430763931,-8.78212107828698,1.60420261951249e-18,2.26537274046363e-16
"COG3",864.524330593861,-0.615888814592117,0.19004432533955,-3.240764034873,0.00119209816783794,0.0185344689661937
"CNOT7P1",845.781205629799,-0.786986167786963,0.0944055465314437,-8.33622807876909,7.66979103435739e-17,9.56596492000472e-15
"CNOT7",3088.83210592169,-0.921998465682914,0.090080993910867,-10.2352163942064,1.37886581193426e-24,3.10008949059483e-22
"CNN2P4",32.5065520910882,-0.836665228249798,0.282314105596826,-2.96359697111501,0.00304066240843302,0.0401238032781313
"CNDP2",4659.86053149383,-0.660601758861906,0.210205796280985,-3.14264292683381,0.0016742994941891,0.0243893908416105
"CMTM3",3336.14140248887,-0.752221159060217,0.0571246877108335,-13.1680572656778,1.34001524731425e-39,6.93843652450262e-37
"CMBL",1847.48820925923,-1.31280846095209,0.27496213729512,-4.77450631518419,1.80148630574419e-06,6.60557864941009e-05
"CLK1",3312.55491050224,-0.303745932750401,0.0859677743852675,-3.53325341876543,0.000410478800805944,0.00757435342264705
"CLIP2",3459.30120050799,-0.440968771119496,0.133125334878286,-3.31243314071411,0.000924882298842761,0.015065265815373
"CLDN1",243.634536848783,-1.36066432918142,0.318718191722111,-4.26917686069131,1.96195658844469e-05,0.000549572987323843
"CITED4",606.187583847065,-0.735286976305726,0.253029134945322,-2.90593799194159,0.00366154001890356,0.0469705212485024
"CHPF",6470.59278443451,-0.308057202525362,0.0832562446314175,-3.70010926975096,0.000215506654449432,0.00439422697443609
"CHFR",1933.40893532704,-0.911647312479527,0.0917104027967921,-9.94050058311832,2.7742946086119e-23,5.51213627643623e-21
"CENPH",1333.7389901626,-0.822663587819816,0.0714616890733128,-11.5119527468185,1.14847976144776e-30,3.84785758507019e-28
"CDK8",1071.87007288911,-0.286569201728598,0.0807928223903577,-3.54696361941676,0.000389698401289488,0.00724567636869802
"CDK2AP1",3935.83880457882,-0.83314694772233,0.25601269409992,-3.25431889481682,0.00113664607940766,0.0178345927996682
"CDK19",2913.17582068438,-0.990877017070192,0.134585977074637,-7.36240906079452,1.80620472412458e-13,1.70511713376336e-11
"CDC42P6",4847.3210472716,-0.219831633584513,0.060168851266764,-3.65357870320425,0.000258610469908561,0.00512900891615596
"CDC42EP5",21.469104995481,-1.34650878543825,0.412812541571639,-3.2617923387499,0.00110710212811401,0.0174511568847639
"CDC34",3870.27759680995,-0.352547152266861,0.0613012803172331,-5.75105691826395,8.86872481191172e-09,4.87266562254455e-07
"CDC26P1",497.656513989184,-0.815002424696072,0.0894999851062676,-9.10617385833507,8.5338522422835e-20,1.31367507444953e-17
"CDC26",175.753441194118,-0.680457591747631,0.119596547679427,-5.68960898078403,1.27330604865188e-08,6.82113930614114e-07
"CDC14B",1236.86717664882,-0.259733040834789,0.0701198885125811,-3.70412797773042,0.000212119155835986,0.00433032259948566
"CD40",813.700692483106,-0.417208162498235,0.114512117231212,-3.64335384399407,0.000269108487235268,0.00530296249451333
"CD2BP2",2906.93167517328,-0.237679903220338,0.062102819846457,-3.82719985675333,0.000129609277529523,0.00285640694996745
"CD276",5554.91752135371,-0.532926178351003,0.112942590853589,-4.71855811278361,2.37522121129532e-06,8.47294464246411e-05
"CCNJL",544.168031641319,-0.804073702130818,0.226777102650119,-3.54565647384329,0.00039163639464584,0.00726589693302223
"CCNG2",2019.50264833837,-0.528812407684972,0.130312465171967,-4.0580339493012,4.94875751001062e-05,0.00124352087608164
"CCND3P1",19.3281092382874,-1.32657638902654,0.360277340812878,-3.68209775844754,0.00023132266981596,0.00464466563941869
"CCND3",1477.77431316905,-1.4387368998491,0.209951680343188,-6.85270485807656,7.24665003704633e-12,5.55262373017985e-10
"CCDC93",3724.70144726171,-0.405476120686704,0.0987070311855577,-4.1078747462727,3.99316544883625e-05,0.00103224233017042
"CCDC137",1617.4627495561,-0.357816453307446,0.085203180218341,-4.19956687520944,2.67426039078417e-05,0.000723023533185587
"CBL",3239.87399556424,-0.298933554466545,0.0971176022345763,-3.07805740245219,0.00208354776598934,0.0292776156887006
"CAVIN4",73.5450474292191,-1.43200770623727,0.409186445971467,-3.49964599349686,0.000465876411692643,0.00844160153403201
"CAT",4307.51415984642,-0.252921873561226,0.0790694298800577,-3.19873146859525,0.00138033674884821,0.0210212246235021
"CASTOR3P",122.146261547306,-0.462198514802678,0.155960038092715,-2.96357015845246,0.00304092732751098,0.0401238032781313
"CASTOR2",691.688180624952,-1.19976433213534,0.213812508198233,-5.61129160424515,2.00822028316666e-08,1.03046426361768e-06
"CASTOR1",102.927427955962,-0.711744197301518,0.190489709653094,-3.73639184288588,0.000186679690064316,0.00389950594636794
"CARM1",6617.3457730844,-0.334254039071819,0.0929229639079656,-3.59710909999467,0.000321773543825477,0.00616383917415463
"CAMK2G",2518.91191112823,-0.513060642725214,0.0604349296503048,-8.48947199399323,2.0757803087485e-17,2.66683143876584e-15
"CALU",14747.6766042435,-1.39842546132327,0.300097435106501,-4.65990474336104,3.16355752786556e-06,0.000108983281206933
"CACNB3",1154.48503408898,-0.841075592442161,0.105142870680829,-7.99935922422477,1.25068348408475e-15,1.41526017831498e-13
"CACFD1",503.937536349844,-0.675768828042759,0.157688315589364,-4.28547178982194,1.82351787532781e-05,0.000516723879531117
"CABLES1",329.97683227597,-0.89861876439281,0.18671541688895,-4.81277218220961,1.4885094039722e-06,5.56546174741202e-05
"C8orf33",2112.050305025,-0.233581221590276,0.0538109173973148,-4.34077753898193,1.41979411248494e-05,0.000414701230769745
"C3orf38",1305.8868784036,-0.379801687047859,0.115815996120262,-3.27935431866835,0.00104044913745301,0.0166306402354159
"C2orf68",1371.58743282808,-0.335163218314772,0.0944247886059807,-3.54952574702977,0.000385925723861122,0.00719118085454197
"C2orf49",1228.54896794689,-0.336573940567431,0.0465654161464992,-7.2279809442385,4.90227490691626e-13,4.47942092697744e-11
"C2orf16",270.02618091817,-0.615773302700334,0.199122727024254,-3.09243104442482,0.00198524350148812,0.0280810063823903
"C1RL",694.90339431424,-0.45141650410346,0.155657872884593,-2.90005571666873,0.00373096334379996,0.0475044490726601
"C1DP1",30.3335092609206,-0.99539315928375,0.29105304725799,-3.41997161225882,0.000626276707974895,0.0107874900294023
"C17orf100",121.00795698258,-0.980130934102505,0.211579038749127,-4.63245763803977,3.61350290441549e-06,0.00012299586479631
"C10orf95-AS1",275.538745972644,-0.537645515297683,0.177798620387028,-3.02390150231395,0.00249537667625409,0.0339749014080905
"BTBD2",7237.87390154427,-0.307806802996727,0.076081739555043,-4.04573823885872,5.21584899205087e-05,0.00129917218261185
"BRK1",6061.65563515906,-0.237560164244539,0.0401045744478074,-5.9235178908008,3.15126427899803e-09,1.85674664604274e-07
"BPTF",7029.77776963489,-0.434804983881803,0.0630882729290154,-6.89200961914158,5.50096529089234e-12,4.33156654034458e-10
"BOD1L2",63.1424221802012,-1.52481120558345,0.224511396054268,-6.79168733695317,1.10829543406191e-11,8.41664181414035e-10
"BOD1",1916.47965469296,-1.31104461133587,0.137560867082154,-9.53065097032926,1.56300018186297e-21,2.78197751119715e-19
"BLOC1S6",2834.87039240283,-0.205443439332177,0.0594644236616111,-3.45489667067617,0.000550503757667372,0.00971741498684131
"BLMH",2393.85402104904,-0.829798194700024,0.248244694602789,-3.34266235186925,0.000829787991721378,0.013738941293162
"BEX4",1857.5660975191,-0.461413507327806,0.107726025613936,-4.28321294411622,1.84213714366334e-05,0.000519415798247119
"BDKRB2",71.9551510600208,-3.29311114111407,0.570265417675336,-5.77469900689104,7.70907673304746e-09,4.29071642141961e-07
"BCCIP",4078.18700762539,-0.504272847194228,0.153112266697222,-3.29348430450332,0.000989538662171938,0.0159361424321696
"BCAR1",3080.87349087192,-0.306194727388481,0.0436431640238756,-7.01586913407498,2.28523876445882e-12,1.94268033673173e-10
"BANF1P3",723.235957576004,-1.54014196892062,0.417691598106476,-3.68727064633944,0.000226672237287254,0.00457912434009126
"BANF1",2637.56629176113,-1.4290798966433,0.346745825493832,-4.12140476271926,3.76569140922426e-05,0.000980859285204496
"BAIAP2-DT",696.548708531912,-0.906263831404643,0.280095190422868,-3.23555656216885,0.00121405829126748,0.0187734063555543
"B4GALT1",3077.31010572868,-0.463632172243336,0.118060596111216,-3.92706955169517,8.59871218340493e-05,0.00203781130482441
"B3GNT9",584.981483172223,-1.18581157183505,0.239965090911299,-4.94160032749667,7.74839269431113e-07,3.01587211771513e-05
"ATXN7L3B",3564.9087797102,-0.374679060150578,0.086984856814617,-4.30740560910616,1.65180546958883e-05,0.000473563759376917
"ATPSCKMT",638.521381254924,-0.729697295422618,0.1994934582068,-3.65775049458613,0.000254438548939237,0.00505533893688924
"ATP9A",788.727977414051,-2.05305209064537,0.160176173860539,-12.8174624300423,1.30915263545308e-37,6.04580840053695e-35
"ATOSA",1328.14620395841,-0.473678801013264,0.139624644229052,-3.39251572405945,0.000692539570477827,0.0117893362316604
"ATMIN",3009.70594911528,-0.742878245981068,0.233150334475641,-3.18626283617313,0.00144123597814556,0.0217740045610727
"ASAP1",12048.2092831518,-0.356049368225613,0.0600919314837278,-5.92507778389562,3.12149601681836e-09,1.8455710186635e-07
"ARPC5L",2559.37253368982,-0.223385516015014,0.0489375132200208,-4.5647091835395,5.00187234858993e-06,0.000163416812276016
"ARPC4",4479.86939689057,-0.34983366025095,0.0702778446691893,-4.97786552643556,6.42892946810034e-07,2.55467715863792e-05
"ARL5AP5",121.996551889025,-0.780945494893341,0.19051967636566,-4.0990280363194,4.14888781745054e-05,0.00106765129724062
"ARL5AP2",128.38562989559,-0.698181180321846,0.200678148215091,-3.47910914333095,0.000503083647177796,0.00900124636578744
"ARL5A",1250.82990443949,-0.626370157097794,0.081446501257197,-7.69057169343349,1.46479020685846e-14,1.48981370622563e-12
"ARL10",1409.46663779387,-0.621591156442241,0.15881342241023,-3.91397116823422,9.07904811426734e-05,0.00213682775659072
"ARL1",3401.35245535705,-0.493977879823845,0.148682940374739,-3.3223574848522,0.000892602555341939,0.0146512006370103
"ARID4A",1691.84379256895,-0.17035776173147,0.0559673810446054,-3.04387588898785,0.00233551470092279,0.0321976550514274
"ARHGEF25",414.893000185538,-0.698203698902633,0.0901204775701798,-7.74744783569215,9.37578292271505e-15,9.88913597533531e-13
"ARAP1",3919.03928427905,-0.364250704971674,0.070339475142798,-5.17846776980066,2.23715714092806e-07,9.62879195643267e-06
"APRT",3911.25860330504,-0.251529954249889,0.0794232989184042,-3.16695425240771,0.00154044549727461,0.0228486043506348
"APPBP2",4058.19589861754,-0.513995367894769,0.143102392450115,-3.59180136051146,0.000328400129912881,0.00626969052494011
"APBB1",2539.70887964941,-0.81994234471697,0.173028643689226,-4.73876652578781,2.15023075792937e-06,7.7349458864714e-05
"AP2A1",9837.54380836463,-0.440252723548484,0.0328001201197305,-13.4222899776411,4.47663160837725e-41,2.46749046104329e-38
"AP1S2",1809.79974112198,-0.348255146495945,0.0916533850564552,-3.79969759198127,0.000144872763524377,0.00314203852430115
"ANTXR1",6080.60145441117,-0.490487384059592,0.144746434314312,-3.38859735221191,0.000702510861280427,0.0119085348082328
"ANKRD9",1581.31752746475,-0.486690951870917,0.140056138775141,-3.47497050916344,0.000510909515409497,0.00910313961397505
"ANKRD52",10546.7046334054,-0.891685481789321,0.15688436986564,-5.68371140192603,1.31802621928799e-08,7.01592336728159e-07
"ANKRD46",770.542149738334,-0.920974505993636,0.12432043006314,-7.40807046376761,1.28150213624626e-13,1.21650150011332e-11
"ANKRD16",322.067542093447,-0.557314718388008,0.134178733254758,-4.15352496531521,3.27392475227493e-05,0.000863295559292002
"ANKRD13C",1925.17705361498,-0.538002878096296,0.0929664813406748,-5.78706293212054,7.16277494547566e-09,4.03928499978028e-07
"ANAPC2",2017.32643768794,-0.261172105673833,0.0871778320480066,-2.99585456002177,0.00273676930989651,0.0367346246647302
"AMD1P2",213.006889131433,-0.417340330589753,0.129121071646255,-3.23216284738648,0.00122857019554681,0.0189463708766321
"ALDH2",1983.18617932801,-0.311894692291508,0.0856789677726644,-3.64027135713248,0.000272350861846987,0.00534903353606836
"AKT1",8315.61362010871,-0.301492531977792,0.0869728437224316,-3.46651344343743,0.000527255367716953,0.0093553608184627
"AKAP8L",3127.50007788855,-0.293909163853049,0.0296334280092337,-9.91816281806709,3.47085788809362e-23,6.73938053793816e-21
"AK5",1101.72787285271,-0.395722218925973,0.133951627170708,-2.954217334155,0.0031346316624624,0.0412011163203808
"AK3",2460.9235537566,-0.182541631772812,0.0602508883447448,-3.02969195621384,0.00244803283273323,0.033454628714616
"AJM1",246.241253972171,-0.800533951237663,0.145385797417227,-5.50627341500419,3.665091611589e-08,1.76540557034337e-06
"AHCYL2",2233.41983002904,-0.338476587379406,0.100797980879941,-3.35796991591091,0.000785171581226858,0.0131017839926009
"AGO1",3461.9025879968,-0.322625502186052,0.111205743430734,-2.90115862933826,0.00371785619386625,0.04745096170334
"AGAP1",1880.74696114874,-0.55815861407522,0.0560144641830155,-9.9645443764588,2.17870521151908e-23,4.43184951776507e-21
"AEBP1",4044.10300207515,-0.762922849075958,0.153907400991431,-4.95702509535869,7.15807339773065e-07,2.82471131979269e-05
"ADNP",5620.86466707581,-0.187286766916116,0.0549742694930984,-3.4068077419315,0.000657274075002386,0.0112361692520917
"ADD1",10639.3641277016,-0.141433168894077,0.0297844425767528,-4.74855853117317,2.0487159892673e-06,7.41661231114626e-05
"ADAT1",1253.32583899882,-0.322159225562716,0.0472535165946771,-6.8176772604265,9.25242077132376e-12,7.0578622196254e-10
"ACVR1B",1670.41600212116,-0.49338432308437,0.0934432756406539,-5.28004096283752,1.29155008627676e-07,5.73213411018466e-06
"ACP2",2739.0290971575,-0.348151900751212,0.0662764289324752,-5.253027454239,1.49619223564429e-07,6.58903008516857e-06
"ACO1",5441.0664452076,-0.181107787954959,0.0516628820813751,-3.50556880798273,0.000455632712019796,0.0082823363300875
"ABR",2352.15700490031,-0.444770810368216,0.152926090483822,-2.90840371947694,0.00363279019816574,0.04670691205121
